id,website_rating,user_rating
2,7.5,7.5
4,7.8,7.8
6,6.5,6.5
12,5.6,5.6
15,8.0,8.0
20,7.1,7.1
21,8.5,8.5
22,7.8,7.8
24,8.0,8.0
26,9.0,9.0
27,8.3,8.3
28,10.0,10.0
32,8.8,8.8
34,8.3,8.3
35,7.0,7.0
37,6.8,6.8
38,9.0,9.0
40,8.0,8.0
41,8.5,8.5
42,9.0,9.0
43,7.0,7.0
44,7.599999999999999,7.599999999999999
45,8.4,8.4
47,7.0,7.0
48,6.5,6.5
49,9.8,9.8
54,8.7,8.7
56,7.5,7.5
59,7.2,7.2
63,6.0,6.0
72,9.0,9.0
82,6.5,6.5
87,8.5,8.5
97,8.2,8.2
99,7.9,7.9
103,7.5,7.5
109,8.0,8.0
110,7.5,7.5
117,8.5,8.5
119,8.0,8.0
122,7.5,7.5
123,6.3,6.3
128,9.0,9.0
129,7.599999999999999,7.599999999999999
131,8.6,8.6
134,8.0,8.0
137,7.8,7.8
150,6.5,6.5
159,9.0,9.0
161,7.0,7.0
179,8.1,8.1
194,7.7,7.7
195,9.0,9.0
198,8.0,8.0
200,7.0,7.0
206,8.5,8.5
211,8.5,8.5
214,7.0,7.0
225,8.5,8.5
227,6.8,6.8
230,8.8,8.8
231,6.8,6.8
242,8.9,8.9
247,7.5,7.5
249,8.0,8.0
250,8.3,8.3
253,6.0,6.0
283,8.2,8.2
284,8.3,8.3
290,6.8,6.8
295,7.5,7.5
303,7.0,7.0
308,7.8,7.8
320,8.7,8.7
332,8.5,8.5
345,8.0,8.0
355,8.8,8.8
362,7.8,7.8
375,7.0,7.0
376,9.5,9.5
378,6.5,6.5
382,8.0,8.0
391,6.5,6.5
395,7.4,7.4
401,8.2,8.2
404,6.4,6.4
411,7.5,7.5
413,8.4,8.4
415,8.6,8.6
416,9.575,9.575
418,8.8,8.8
423,7.0,7.0
425,7.0,7.0
428,7.0,7.0
430,9.233333333333333,9.233333333333333
441,7.5,7.5
447,7.8,7.8
455,9.9,9.9
464,8.0,8.0
474,5.5,5.5
477,6.3,6.3
490,8.0,8.0
492,8.5,8.5
495,8.0,8.0
496,8.5,8.5
500,8.9,8.9
502,7.5,7.5
508,9.2,9.2
517,9.5,9.5
531,8.0,8.0
539,6.1000000000000005,6.1000000000000005
540,8.9,8.9
559,7.8,7.8
560,7.5,7.5
578,8.5,8.5
582,7.5,7.5
585,9.0,9.0
591,9.5,9.5
592,7.3,7.3
602,8.5,8.5
605,9.0,9.0
607,8.5,8.5
611,6.5,6.5
617,7.5,7.5
622,9.0,9.0
624,9.8,9.8
631,8.8,8.8
646,7.5,7.5
647,9.2,9.2
654,8.7,8.7
656,6.5,6.5
660,7.5,7.5
675,9.2,9.2
678,6.75,6.75
680,8.45,8.45
693,8.4,8.4
696,7.2,7.2
700,8.4,8.4
704,7.8,7.8
706,7.5,7.5
709,7.0,7.0
710,4.0,4.0
719,7.0,7.0
720,6.900000000000001,6.900000000000001
722,7.0,7.0
742,7.5,7.5
748,7.5,7.5
753,8.0,8.0
757,9.2,9.2
758,7.5,7.5
760,7.0,7.0
764,8.5,8.5
766,7.9,7.9
767,8.0,8.0
773,8.9,8.9
776,8.5,8.5
782,8.0,8.0
783,7.8,7.8
791,7.0,7.0
798,8.0,8.0
802,9.3,9.3
809,8.0,8.0
812,6.8,6.8
815,8.9,8.9
816,9.0,9.0
829,7.5,7.5
832,5.8,5.8
834,8.0,8.0
835,8.0,8.0
842,8.4,8.4
847,7.5,7.5
849,9.2,9.2
852,8.3,8.3
857,9.2,9.2
864,9.2,9.2
865,9.375,9.375
875,7.0,7.0
880,7.2,7.2
881,9.3,9.3
884,8.5,8.5
885,7.7,7.7
887,8.2,8.2
894,8.7,8.7
897,9.0,9.0
898,8.0,8.0
902,6.0,6.0
906,8.7,8.7
907,8.0,8.0
908,7.2,7.2
914,8.0,8.0
917,8.0,8.0
923,9.0,9.0
928,8.0,8.0
933,7.5,7.5
935,8.5,8.5
936,6.5,6.5
937,7.9,7.9
946,6.5,6.5
949,8.0,8.0
953,8.8,8.8
955,6.0,6.0
956,8.0,8.0
957,7.475,7.475
965,7.7,7.7
966,8.125,8.125
974,8.6,8.6
981,8.0,8.0
982,7.7,7.7
992,7.8,7.8
998,9.0,9.0
1009,8.0,8.0
1012,8.1,8.1
1014,7.2,7.2
1020,7.5,7.5
1025,7.2,7.2
1029,8.3,8.3
1030,9.5,9.5
1033,7.5,7.5
1037,8.0,8.0
1045,8.5,8.5
1056,7.8,7.8
1058,8.0,8.0
1077,8.0,8.0
1081,8.5,8.5
1090,8.5,8.5
1097,8.5,8.5
1104,6.0,6.0
1105,7.5,7.5
1118,8.5,8.5
1119,7.0,7.0
1120,9.0,9.0
1121,7.6,7.6
1129,7.0,7.0
1138,7.8,7.8
1140,9.333333333333334,9.333333333333334
1142,6.2,6.2
1144,7.7,7.7
1152,8.0,8.0
1157,6.0,6.0
1159,6.8,6.8
1162,7.3,7.3
1169,8.0,8.0
1171,4.5,4.5
1173,6.5,6.5
1184,7.0,7.0
1188,8.2,8.2
1197,7.9,7.9
1201,6.0,6.0
1202,8.0,8.0
1206,8.0,8.0
1207,7.0,7.0
1225,7.8,7.8
1230,7.5,7.5
1236,8.7,8.7
1239,7.8,7.8
1244,8.4,8.4
1253,8.0,8.0
1256,8.8,8.8
1257,7.0,7.0
1258,6.0,6.0
1259,9.8,9.8
1271,7.0,7.0
1274,9.0,9.0
1281,7.8,7.8
1282,8.0,8.0
1287,7.0,7.0
1290,7.0,7.0
1299,6.0,6.0
1300,8.0,8.0
1303,9.0,9.0
1314,8.5,8.5
1320,7.775,7.775
1322,8.2,8.2
1345,7.0,7.0
1347,8.7,8.7
1355,8.0,8.0
1358,7.5,7.5
1371,6.5,6.5
1374,7.5,7.5
1378,7.2,7.2
1382,6.5,6.5
1391,8.0,8.0
1398,7.5,7.5
1412,9.0,9.0
1416,9.0,9.0
1426,8.9,8.9
1430,7.0,7.0
1433,6.8,6.8
1443,7.8,7.8
1447,8.5,8.5
1454,8.5,8.5
1459,4.0,4.0
1467,9.1,9.1
1505,7.3,7.3
1508,,
1516,8.4,8.4
1524,8.0,8.0
1534,7.5,7.5
1537,6.8,6.8
1539,8.0,8.0
1540,3.5,3.5
1542,7.8,7.8
1543,8.0,8.0
1545,7.5,7.5
1547,6.95,6.95
1562,8.0,8.0
1575,9.0,9.0
1585,8.8,8.8
1607,7.5,7.5
1620,4.5,4.5
1628,8.5,8.5
1634,7.4,7.4
1637,7.4,7.4
1641,6.8,6.8
1643,8.9,8.9
1644,7.4,7.4
1652,7.0,7.0
1661,7.9,7.9
1683,9.0,9.0
1692,6.5,6.5
1695,8.0,8.0
1700,8.0,8.0
1713,8.174999999999999,8.174999999999999
1720,8.0,8.0
1734,6.8,6.8
1736,6.0,6.0
1739,6.8,6.8
1740,6.7,6.7
1748,7.0,7.0
1752,7.6,7.6
1757,7.900000000000001,7.900000000000001
1758,8.416666666666666,8.416666666666666
1774,8.5,8.5
1783,8.8,8.8
1789,8.5,8.5
1798,8.8,8.8
1801,7.2,7.2
1818,6.2,6.2
1820,8.5,8.5
1822,8.2,8.2
1827,8.0,8.0
1830,8.2,8.2
1839,8.9,8.9
1863,7.5,7.5
1864,6.0,6.0
1874,8.2,8.2
1875,7.5,7.5
1889,7.5,7.5
1892,8.0,8.0
1898,7.9,7.9
1914,9.5,9.5
1916,6.7,6.7
1932,7.0,7.0
1959,,
1970,8.0,8.0
1987,9.0,9.0
2003,8.0,8.0
2037,6.5,6.5
2047,6.6,6.6
2049,8.0,8.0
2058,7.0,7.0
2064,8.0,8.0
2077,9.0,9.0
2093,7.5,7.5
2104,8.3,8.3
2115,7.5,7.5
2116,9.0,9.0
2119,7.0,7.0
2123,6.5,6.5
2136,8.0,8.0
2137,9.2,9.2
2139,8.0,8.0
2152,7.5,7.5
2156,9.0,9.0
2165,7.0,7.0
2177,8.3,8.3
2184,7.0,7.0
2203,7.5,7.5
2210,5.5,5.5
2222,8.0,8.0
2226,7.0,7.0
2229,4.0,4.0
2234,8.0,8.0
2235,7.459999999999999,7.459999999999999
2239,8.0,8.0
2246,7.833333333333333,7.833333333333333
2249,8.6,8.6
2255,3.0,3.0
2258,7.5,7.5
2266,8.0,8.0
2268,7.0,7.0
2271,9.0,9.0
2272,2.5,2.5
2284,6.5,6.5
2287,9.0,9.0
2289,8.0,8.0
2298,6.5,6.5
2309,8.2,8.2
2310,7.0,7.0
2312,8.0,8.0
2319,4.0,4.0
2353,4.5,4.5
2354,7.8,7.8
2356,9.0,9.0
2359,7.0,7.0
2361,8.9,8.9
2366,6.0,6.0
2367,7.7,7.7
2374,7.5,7.5
2382,6.5,6.5
2384,6.8,6.8
2386,8.5,8.5
2388,8.2,8.2
2391,8.2,8.2
2397,6.9,6.9
2407,8.2,8.2
2408,6.8,6.8
2416,8.0,8.0
2422,6.5,6.5
2435,9.0,9.0
2440,6.8,6.8
2441,7.0,7.0
2443,5.5,5.5
2453,6.75,6.75
2459,7.2,7.2
2463,8.9,8.9
2468,8.0,8.0
2479,8.0,8.0
2480,8.0,8.0
2483,6.8,6.8
2487,6.8,6.8
2490,9.0,9.0
2503,7.5,7.5
2506,8.0,8.0
2510,7.5,7.5
2513,8.4,8.4
2518,8.966666666666667,8.966666666666667
2536,7.5,7.5
2541,7.0,7.0
2550,8.0,8.0
2551,9.5,9.5
2559,8.0,8.0
2564,7.7,7.7
2568,6.5,6.5
2572,8.8,8.8
2574,8.3,8.3
2581,7.8,7.8
2588,6.0,6.0
2595,5.5,5.5
2612,7.0,7.0
2623,8.2,8.2
2629,6.5,6.5
2639,9.0,9.0
2647,7.4,7.4
2657,8.4,8.4
2665,5.5,5.5
2684,7.3,7.3
2686,7.0,7.0
2705,7.0,7.0
2710,9.2,9.2
2713,8.0,8.0
2722,7.0,7.0
2733,8.5,8.5
2743,8.9,8.9
2749,7.5,7.5
2757,9.0,9.0
2767,8.2,8.2
2770,6.5,6.5
2777,6.5,6.5
2778,7.5,7.5
2784,9.0,9.0
2792,8.6,8.6
2796,6.0,6.0
2798,5.5,5.5
2802,8.0,8.0
2805,8.9,8.9
2812,8.0,8.0
2819,8.0,8.0
2822,9.0,9.0
2830,8.5,8.5
2835,6.0,6.0
2838,7.8,7.8
2845,8.6,8.6
2848,8.4,8.4
2851,8.0,8.0
2852,7.5,7.5
2855,7.0,7.0
2858,7.0,7.0
2860,8.6,8.6
2873,9.4,9.4
2891,6.0,6.0
2894,9.0,9.0
2895,6.7,6.7
2898,8.0,8.0
2909,5.0,5.0
2913,8.666666666666666,8.666666666666666
2918,8.0,8.0
2923,6.3,6.3
2944,7.5,7.5
2956,5.0,5.0
2960,8.7,8.7
2968,7.5,7.5
2983,7.0,7.0
2987,7.5,7.5
2992,8.666666666666666,8.666666666666666
2998,7.5,7.5
3004,8.8,8.8
3017,7.7,7.7
3054,7.5,7.5
3057,7.5,7.5
3070,9.2,9.2
3085,7.0,7.0
3090,8.0,8.0
3111,8.2,8.2
3117,8.0,8.0
3121,9.0,9.0
3129,7.8,7.8
3131,6.0,6.0
3154,9.0,9.0
3156,8.0,8.0
3163,8.0,8.0
3168,8.1,8.1
3179,9.3,9.3
3186,9.0,9.0
3187,8.0,8.0
3188,7.066666666666666,7.066666666666666
3189,8.5,8.5
3191,8.0,8.0
3199,5.0,5.0
3200,7.0,7.0
3209,8.2,8.2
3214,8.0,8.0
3223,6.2,6.2
3226,8.266666666666666,8.266666666666666
3228,7.0,7.0
3234,6.0,6.0
3243,6.5,6.5
3244,7.5,7.5
3251,7.0,7.0
3252,8.0,8.0
3253,4.0,4.0
3254,10.0,10.0
3255,7.0,7.0
3263,7.8,7.8
3268,7.5,7.5
3272,8.0,8.0
3275,6.5,6.5
3278,6.0,6.0
3282,8.7,8.7
3287,9.1,9.1
3290,8.15,8.15
3291,8.0,8.0
3294,6.5,6.5
3299,7.0,7.0
3300,6.0,6.0
3301,,
3306,6.7,6.7
3307,8.3,8.3
3315,8.0,8.0
3316,8.325,8.325
3324,7.7,7.7
3325,7.2,7.2
3328,9.433333333333332,9.433333333333332
3344,7.5,7.5
3346,8.0,8.0
3350,8.066666666666666,8.066666666666666
3351,8.5,8.5
3352,6.3,6.3
3357,8.0,8.0
3358,7.5,7.5
3363,9.0,9.0
3364,9.0,9.0
3368,7.599999999999999,7.599999999999999
3371,9.2,9.2
3373,7.5,7.5
3377,6.5,6.5
3387,9.4,9.4
3396,7.8,7.8
3400,8.1,8.1
3407,6.5,6.5
3408,8.6,8.6
3410,6.0,6.0
3419,7.2,7.2
3421,7.8,7.8
3427,6.7,6.7
3433,8.3,8.3
3436,8.0,8.0
3437,8.1,8.1
3446,7.0,7.0
3449,8.5,8.5
3450,8.0,8.0
3459,7.0,7.0
3468,7.0,7.0
3469,9.0,9.0
3474,8.0,8.0
3480,8.3,8.3
3481,6.0,6.0
3488,8.5,8.5
3489,7.8,7.8
3496,7.0,7.0
3497,9.2,9.2
3498,9.733333333333333,9.733333333333333
3501,8.4,8.4
3507,8.2,8.2
3515,8.0,8.0
3525,6.5,6.5
3527,8.0,8.0
3530,5.1,5.1
3532,,
3536,7.5,7.5
3538,8.0,8.0
3540,6.8,6.8
3543,7.8,7.8
3548,7.5,7.5
3550,8.4,8.4
3554,8.9,8.9
3556,8.0,8.0
3560,9.2,9.2
3565,6.9,6.9
3573,8.8,8.8
3578,7.0,7.0
3579,8.0,8.0
3580,8.8,8.8
3584,8.3,8.3
3586,6.0,6.0
3589,7.9,7.9
3594,8.6,8.6
3598,9.0,9.0
3605,8.5,8.5
3608,7.9,7.9
3612,8.9,8.9
3615,8.8,8.8
3617,9.0,9.0
3618,8.7,8.7
3625,7.8,7.8
3626,7.8,7.8
3627,8.0,8.0
3628,7.0,7.0
3635,8.5,8.5
3638,7.0,7.0
3639,6.8,6.8
3640,8.5,8.5
3642,6.8,6.8
3645,7.0,7.0
3647,8.0,8.0
3679,7.8,7.8
3687,8.5,8.5
3689,8.5,8.5
3696,8.2,8.2
3699,6.0,6.0
3707,6.7,6.7
3715,7.5,7.5
3726,8.6,8.6
3731,7.5,7.5
3734,8.0,8.0
3738,8.0,8.0
3739,7.15,7.15
3741,7.5,7.5
3748,7.7,7.7
3749,6.7,6.7
3751,9.3,9.3
3756,5.5,5.5
3758,4.0,4.0
3759,7.0,7.0
3763,8.8,8.8
3764,8.0,8.0
3766,8.2,8.2
3768,7.0,7.0
3771,8.833333333333334,8.833333333333334
3775,8.4,8.4
3783,8.0,8.0
3790,8.0,8.0
3796,5.0,5.0
3806,5.5,5.5
3808,8.0,8.0
3818,7.2,7.2
3820,9.0,9.0
3824,6.4,6.4
3829,8.8,8.8
3830,9.1,9.1
3834,7.0,7.0
3835,6.0,6.0
3838,8.649999999999999,8.649999999999999
3842,8.98,8.98
3847,8.0,8.0
3849,6.0,6.0
3850,8.2,8.2
3854,7.0,7.0
3855,9.0,9.0
3861,7.933333333333334,7.933333333333334
3862,6.0,6.0
3863,7.0,7.0
3872,8.5,8.5
3876,9.0,9.0
3877,7.5,7.5
3879,7.0,7.0
3882,9.2,9.2
3888,8.0,8.0
3891,5.0,5.0
3892,7.599999999999999,7.599999999999999
3900,6.9,6.9
3901,6.9,6.9
3903,7.0,7.0
3911,9.0,9.0
3912,8.0,8.0
3923,6.5,6.5
3926,6.333333333333333,6.333333333333333
3931,8.0,8.0
3932,8.0,8.0
3937,6.9,6.9
3941,9.0,9.0
3943,8.7,8.7
3945,8.7,8.7
3958,7.0,7.0
3965,7.5,7.5
3968,8.9,8.9
3973,6.5,6.5
3976,6.1,6.1
3983,8.7,8.7
3986,5.0,5.0
3991,6.066666666666666,6.066666666666666
4000,7.900000000000001,7.900000000000001
4002,6.8,6.8
4003,8.5,8.5
4007,6.5,6.5
4012,8.0,8.0
4023,6.0,6.0
4025,8.6,8.6
4026,9.0,9.0
4030,8.4,8.4
4032,8.166666666666666,8.166666666666666
4046,6.5,6.5
4057,5.5,5.5
4058,8.3,8.3
4059,8.3,8.3
4062,9.333333333333334,9.333333333333334
4063,7.0,7.0
4064,8.0,8.0
4070,8.6,8.6
4087,4.8,4.8
4090,7.5,7.5
4092,7.0,7.0
4101,9.075,9.075
4108,9.4,9.4
4117,7.5,7.5
4123,9.2,9.2
4124,8.0,8.0
4126,8.9,8.9
4132,4.0,4.0
4141,9.2,9.2
4145,8.5,8.5
4154,8.6,8.6
4161,9.066666666666666,9.066666666666666
4166,9.649999999999999,9.649999999999999
4179,8.9,8.9
4185,8.1,8.1
4186,9.8,9.8
4187,8.9,8.9
4188,8.02,8.02
4199,8.0,8.0
4200,9.6,9.6
4202,8.6,8.6
4206,9.2,9.2
4211,9.1,9.1
4219,7.400000000000001,7.400000000000001
4223,8.2,8.2
4225,9.0,9.0
4228,6.400000000000001,6.400000000000001
4229,7.6,7.6
4230,6.3,6.3
4232,9.0,9.0
4234,7.720000000000001,7.720000000000001
4237,7.8,7.8
4246,5.5,5.5
4247,9.2,9.2
4248,9.4,9.4
4252,8.4,8.4
4254,7.5,7.5
4267,8.5,8.5
4280,9.6,9.6
4284,8.8,8.8
4286,9.425,9.425
4291,8.0,8.0
4297,8.5,8.5
4299,7.050000000000001,7.050000000000001
4302,8.5,8.5
4304,8.5,8.5
4327,7.8,7.8
4331,8.166666666666666,8.166666666666666
4332,8.2,8.2
4333,7.3,7.3
4347,8.0,8.0
4348,9.6,9.6
4352,7.7,7.7
4356,9.0,9.0
4358,9.2,9.2
4361,8.6,8.6
4362,6.9,6.9
4365,7.65,7.65
4369,8.0,8.0
4377,7.2,7.2
4380,7.5,7.5
4386,8.8,8.8
4388,9.3,9.3
4391,7.0,7.0
4392,7.0,7.0
4397,8.799999999999999,8.799999999999999
4398,8.75,8.75
4406,5.7,5.7
4410,8.0,8.0
4427,8.6,8.6
4429,6.9,6.9
4438,8.0,8.0
4439,9.7,9.7
4440,9.4,9.4
4443,6.5,6.5
4445,7.0,7.0
4447,7.4,7.4
4459,9.733333333333333,9.733333333333333
4461,7.0,7.0
4462,9.0,9.0
4466,8.666666666666666,8.666666666666666
4468,9.0,9.0
4469,9.5,9.5
4472,7.5,7.5
4476,8.6,8.6
4477,8.2,8.2
4480,7.8,7.8
4483,7.3,7.3
4489,9.2,9.2
4494,8.5,8.5
4499,7.0,7.0
4511,8.2,8.2
4513,8.5,8.5
4514,8.719999999999999,8.719999999999999
4519,9.5,9.5
4520,7.599999999999999,7.599999999999999
4521,8.0,8.0
4523,8.0,8.0
4527,9.7,9.7
4529,7.5,7.5
4534,8.0,8.0
4535,9.5,9.5
4544,9.7,9.7
4546,9.0,9.0
4550,9.2,9.2
4570,9.299999999999999,9.299999999999999
4571,8.0,8.0
4581,8.85,8.85
4583,8.0,8.0
4586,8.5,8.5
4596,5.5,5.5
4599,8.0,8.0
4602,8.5,8.5
4605,8.2,8.2
4611,8.0,8.0
4630,5.6,5.6
4639,8.75,8.75
4675,7.0,7.0
4679,7.866666666666667,7.866666666666667
4686,6.5,6.5
4700,8.0,8.0
4729,9.299999999999999,9.299999999999999
4731,9.0,9.0
4744,8.999999999999998,8.999999999999998
4749,8.7,8.7
4751,8.5,8.5
4753,7.0,7.0
4767,8.0,8.0
4772,7.5,7.5
4775,9.05,9.05
4782,8.5,8.5
4803,7.5,7.5
4806,9.6,9.6
4812,8.7,8.7
4813,6.0,6.0
4821,9.0,9.0
4828,8.6,8.6
4852,8.7,8.7
4853,9.2,9.2
4861,8.0,8.0
4882,8.0,8.0
4893,5.8,5.8
4958,8.7,8.7
5005,7.4,7.4
5055,6.0,6.0
5074,8.0,8.0
5075,9.5,9.5
5103,6.8,6.8
5107,7.0,7.0
5109,8.3,8.3
5114,7.5,7.5
5123,8.8,8.8
5132,8.1,8.1
5137,7.666666666666667,7.666666666666667
5143,9.0,9.0
5177,7.9,7.9
5187,6.5,6.5
5194,7.0,7.0
5200,8.5,8.5
5205,7.366666666666667,7.366666666666667
5208,8.0,8.0
5209,8.5,8.5
5215,8.5,8.5
5216,8.9,8.9
5219,8.5,8.5
5222,9.0,9.0
5225,7.2,7.2
5231,6.0,6.0
5234,9.15,9.15
5235,8.8,8.8
5243,6.0,6.0
5244,8.7,8.7
5247,8.5,8.5
5248,8.5,8.5
5249,6.5,6.5
5250,8.666666666666668,8.666666666666668
5255,7.0,7.0
5262,7.3,7.3
5263,7.6,7.6
5272,8.5,8.5
5278,8.0,8.0
5279,7.0,7.0
5289,7.0,7.0
5298,7.82,7.82
5312,5.5,5.5
5313,8.0,8.0
5322,5.0,5.0
5326,7.5,7.5
5342,8.200000000000001,8.200000000000001
5343,8.0,8.0
5345,9.4,9.4
5347,6.0,6.0
5350,,
5352,9.2,9.2
5358,9.0,9.0
5361,8.1,8.1
5374,9.0,9.0
5377,8.0,8.0
5388,7.6,7.6
5390,9.1,9.1
5394,8.0,8.0
5396,7.6,7.6
5397,7.0,7.0
5422,7.0,7.0
5452,8.8,8.8
5464,8.0,8.0
5492,7.0,7.0
5501,10.0,10.0
5506,8.5,8.5
5511,8.5,8.5
5512,8.8,8.8
5520,8.0,8.0
5521,7.0,7.0
5522,9.2,9.2
5524,8.3,8.3
5528,9.0,9.0
5529,8.8,8.8
5538,9.3,9.3
5540,8.9,8.9
5541,7.8,7.8
5542,9.3,9.3
5544,8.6,8.6
5545,7.0,7.0
5548,6.6,6.6
5559,6.7,6.7
5561,8.059999999999999,8.059999999999999
5562,9.5,9.5
5563,9.3,9.3
5564,8.0,8.0
5567,8.5,8.5
5570,7.8,7.8
5582,7.0,7.0
5587,7.8,7.8
5588,8.0,8.0
5593,7.5,7.5
5601,4.0,4.0
5602,7.8,7.8
5604,6.7,6.7
5605,5.5,5.5
5607,9.3,9.3
5610,8.2,8.2
5617,7.0,7.0
5618,6.5,6.5
5623,7.8,7.8
5628,8.9,8.9
5640,8.8,8.8
5641,8.3,8.3
5644,8.75,8.75
5649,5.0,5.0
5653,8.5,8.5
5654,7.5,7.5
5656,9.0,9.0
5664,7.0,7.0
5665,8.5,8.5
5671,4.6,4.6
5674,8.5,8.5
5675,9.5,9.5
5677,9.0,9.0
5678,9.5,9.5
5679,9.450000000000001,9.450000000000001
5681,4.5,4.5
5684,5.833333333333333,5.833333333333333
5688,7.0,7.0
5695,8.3,8.3
5699,8.5,8.5
5702,5.5,5.5
5705,6.2,6.2
5706,9.0,9.0
5708,8.166666666666666,8.166666666666666
5709,8.0,8.0
5715,7.2,7.2
5717,8.0,8.0
5718,7.5,7.5
5737,5.0,5.0
5778,6.5,6.5
5783,8.9,8.9
5793,6.0,6.0
5886,6.5,6.5
5888,8.0,8.0
5923,7.0,7.0
5933,8.0,8.0
5978,8.5,8.5
5985,7.5,7.5
5995,7.5,7.5
6029,5.0,5.0
6138,7.0,7.0
6156,8.0,8.0
6315,8.0,8.0
6339,9.0,9.0
6382,4.9,4.9
6399,7.0,7.0
6400,8.0,8.0
6459,7.2,7.2
6505,8.5,8.5
6509,7.4,7.4
6617,8.0,8.0
6625,7.5,7.5
6627,7.5,7.5
6656,8.0,8.0
6673,9.0,9.0
6725,7.5,7.5
6773,8.2,8.2
6819,7.0,7.0
6841,8.0,8.0
6875,7.5,7.5
6879,8.5,8.5
6885,9.2,9.2
6888,8.7,8.7
6892,8.0,8.0
6929,8.5,8.5
6937,8.5,8.5
6959,8.8,8.8
6987,6.5,6.5
7016,8.5,8.5
7041,7.0,7.0
7098,8.6,8.6
7136,8.0,8.0
7141,7.6,7.6
7203,8.2,8.2
7241,9.0,9.0
7306,8.5,8.5
7317,8.0,8.0
7335,8.0,8.0
7375,5.5,5.5
7381,7.5,7.5
7439,8.133333333333333,8.133333333333333
7442,7.0,7.0
7483,7.0,7.0
7505,8.0,8.0
7536,7.8,7.8
7626,7.0,7.0
7649,7.0,7.0
7689,9.1,9.1
7696,7.9,7.9
7712,5.4,5.4
7778,5.0,5.0
7784,7.5,7.5
7819,8.8,8.8
7825,5.0,5.0
7860,8.0,8.0
7861,5.9,5.9
7940,7.9,7.9
7993,8.0,8.0
8098,8.8,8.8
8146,8.5,8.5
8278,8.7,8.7
8300,8.5,8.5
8313,8.2,8.2
8347,7.0,7.0
8433,8.6,8.6
8444,9.2,9.2
8488,7.8,7.8
8496,8.5,8.5
8586,7.0,7.0
8595,6.5,6.5
8644,9.0,9.0
8694,7.8,7.8
8733,8.0,8.0
8758,6.0,6.0
8763,6.5,6.5
8812,8.0,8.0
8870,7.5,7.5
9153,8.5,8.5
9203,7.5,7.5
9210,8.0,8.0
9244,8.0,8.0
9296,8.5,8.5
9341,5.5,5.5
9359,6.5,6.5
9441,6.5,6.5
9465,8.5,8.5
9475,8.55,8.55
9485,7.5,7.5
9499,8.0,8.0
9502,7.2,7.2
9531,4.0,4.0
9545,8.2,8.2
9555,6.0,6.0
9564,8.8,8.8
9593,7.7,7.7
9598,8.866666666666667,8.866666666666667
9600,7.5,7.5
9603,7.5,7.5
9612,8.0,8.0
9626,7.0,7.0
9644,8.5,8.5
9656,7.400000000000001,7.400000000000001
9659,7.8,7.8
9671,7.5,7.5
9673,9.0,9.0
9678,7.8,7.8
9684,6.5,6.5
9728,8.5,8.5
9741,7.8,7.8
9744,7.7749999999999995,7.7749999999999995
9765,7.0,7.0
9767,8.5,8.5
9771,8.0,8.0
9801,7.0,7.0
9810,7.5,7.5
9831,7.8,7.8
9840,7.0,7.0
9877,6.8,6.8
9891,6.8,6.8
9913,8.5,8.5
9953,6.7,6.7
9964,8.0,8.0
9966,6.8,6.8
10008,7.0,7.0
10013,6.5,6.5
10020,6.5,6.5
10029,7.8,7.8
10031,8.7,8.7
10037,8.5,8.5
10039,8.0,8.0
10040,9.0,9.0
10041,7.5,7.5
10049,9.0,9.0
10053,8.2,8.2
10057,7.5,7.5
10061,8.5,8.5
10063,6.8,6.8
10065,8.2,8.2
10068,7.7,7.7
10081,8.6,8.6
10088,8.0,8.0
10091,8.2,8.2
10094,8.0,8.0
10101,6.0,6.0
10108,7.0,7.0
10110,7.0,7.0
10116,7.5,7.5
10118,8.1,8.1
10121,7.2,7.2
10125,8.0,8.0
10128,8.0,8.0
10134,6.8,6.8
10157,9.0,9.0
10171,7.0,7.0
10180,7.2,7.2
10186,7.0,7.0
10201,8.5,8.5
10213,9.0,9.0
10234,8.2,8.2
10243,9.0,9.0
10261,9.0,9.0
10276,7.0,7.0
10295,6.0,6.0
10296,8.5,8.5
10309,8.5,8.5
10311,3.0,3.0
10315,9.0,9.0
10340,9.0,9.0
10354,5.5,5.5
10376,5.5,5.5
10377,7.0,7.0
10387,7.0,7.0
10393,8.9,8.9
10401,8.0,8.0
10408,7.0,7.0
10416,8.0,8.0
10419,8.566666666666666,8.566666666666666
10424,7.8,7.8
10446,8.0,8.0
10500,5.5,5.5
10505,7.0,7.0
10513,7.0,7.0
10514,8.0,8.0
10533,8.5,8.5
10547,8.0,8.0
10555,8.0,8.0
10580,7.0,7.0
10607,7.5,7.5
10609,7.5,7.5
10611,8.5,8.5
10633,6.0,6.0
10638,7.5,7.5
10643,7.4,7.4
10661,7.7,7.7
10679,8.0,8.0
10720,7.5,7.5
10753,8.0,8.0
10767,8.0,8.0
10784,7.2,7.2
10829,7.3,7.3
10853,7.0,7.0
10878,8.2,8.2
10897,7.5,7.5
10910,7.0,7.0
10923,7.0,7.0
10924,5.5,5.5
10940,7.5,7.5
10980,7.5,7.5
10981,8.5,8.5
10986,7.0,7.0
10990,7.5,7.5
10992,7.0,7.0
10993,8.0,8.0
10994,5.5,5.5
10997,8.3,8.3
11009,7.8,7.8
11012,2.0,2.0
11076,8.0,8.0
11159,7.5,7.5
11164,8.0,8.0
11189,7.5,7.5
11192,8.5,8.5
11193,6.7,6.7
11223,7.5,7.5
11272,4.5,4.5
11276,8.875,8.875
11312,8.0,8.0
11339,7.0,7.0
11365,6.5,6.5
11386,8.0,8.0
11400,7.0,7.0
11415,7.0,7.0
11460,7.2,7.2
11471,7.0,7.0
11525,7.7,7.7
11593,8.0,8.0
11645,7.0,7.0
11669,7.6,7.6
11672,7.0,7.0
11704,7.5,7.5
11726,9.2,9.2
11728,8.0,8.0
11731,6.8,6.8
11753,7.7,7.7
11789,7.0,7.0
11791,8.5,8.5
11800,8.5,8.5
11815,8.0,8.0
11829,5.0,5.0
11831,8.0,8.0
11833,6.0,6.0
11849,7.5,7.5
11859,9.2,9.2
11903,7.2,7.2
11958,8.2,8.2
12006,7.5,7.5
12019,8.5,8.5
12020,9.0,9.0
12024,8.0,8.0
12045,8.3,8.3
12051,7.5,7.5
12071,7.0,7.0
12073,9.0,9.0
12109,7.8,7.8
12119,8.5,8.5
12140,8.0,8.0
12146,7.5,7.5
12157,6.0,6.0
12166,7.0,7.0
12241,7.5,7.5
12245,7.0,7.0
12286,7.5,7.5
12320,8.0,8.0
12321,8.8,8.8
12354,5.0,5.0
12528,8.0,8.0
12536,7.7,7.7
12569,8.2,8.2
12614,7.5,7.5
12636,7.8,7.8
12687,8.5,8.5
12741,9.2,9.2
12743,7.0,7.0
12744,6.8,6.8
12811,6.8,6.8
12871,7.8,7.8
12877,5.5,5.5
12890,7.0,7.0
12893,7.5,7.5
12906,8.2,8.2
12929,9.0,9.0
12980,8.9,8.9
12988,7.8,7.8
13011,9.0,9.0
13070,7.0,7.0
13120,7.0,7.0
13156,8.2,8.2
13172,7.5,7.5
13191,3.0,3.0
13247,6.0,6.0
13268,7.5,7.5
13274,7.0,7.0
13350,7.2,7.2
13396,7.2,7.2
13461,8.64,8.64
13464,7.7,7.7
13466,8.5,8.5
13481,6.5,6.5
13533,7.0,7.0
13535,9.0,9.0
13536,8.5,8.5
13537,9.3,9.3
13566,9.0,9.0
13570,7.5,7.5
13589,9.4,9.4
13625,7.0,7.0
13627,9.8,9.8
13657,8.3,8.3
13668,8.5,8.5
13694,9.0,9.0
13759,8.2,8.2
13777,8.5,8.5
13778,8.5,8.5
13779,8.3,8.3
13787,7.5,7.5
13820,9.25,9.25
13843,7.5,7.5
13909,9.16,9.16
13910,9.149999999999999,9.149999999999999
13926,9.2,9.2
13976,5.3,5.3
14016,8.0,8.0
14026,8.0,8.0
14072,8.5,8.5
14085,8.0,8.0
14158,4.0,4.0
14175,7.0,7.0
14188,9.2,9.2
14274,8.5,8.5
14331,9.15,9.15
14334,8.0,8.0
14348,8.5,8.5
14446,8.875,8.875
14447,7.0,7.0
14448,9.2,9.2
14575,7.3,7.3
14615,7.5,7.5
14675,8.0,8.0
14684,8.0,8.0
14689,8.0,8.0
14690,8.5,8.5
14692,8.0,8.0
14733,7.5,7.5
14741,7.9,7.9
14784,5.8,5.8
14788,8.2,8.2
14796,6.8,6.8
14803,9.5,9.5
14904,5.0,5.0
14913,8.0,8.0
14927,8.0,8.0
14983,8.5,8.5
14988,6.5,6.5
14989,8.4,8.4
15002,8.5,8.5
15164,6.8,6.8
15234,4.0,4.0
15237,7.7,7.7
15314,7.5,7.5
15341,7.0,7.0
15362,6.5,6.5
15406,8.0,8.0
15431,6.3,6.3
15467,7.5,7.5
15604,8.5,8.5
15656,,
15701,7.0,7.0
15712,8.8,8.8
15713,7.833333333333333,7.833333333333333
15731,8.2,8.2
15764,9.2,9.2
15770,7.0,7.0
15829,9.0,9.0
15932,8.0,8.0
15958,7.5,7.5
15985,6.5,6.5
15986,7.0,7.0
16072,6.8,6.8
16113,9.0,9.0
16118,8.0,8.0
16123,7.65,7.65
16132,7.4,7.4
16159,9.3,9.3
16167,7.0,7.0
16189,7.0,7.0
16252,8.5,8.5
16253,8.0,8.0
16255,8.4,8.4
16259,7.0,7.0
16284,5.5,5.5
16286,8.8,8.8
16308,4.5,4.5
16311,7.0,7.0
16378,8.5,8.5
16408,7.2,7.2
16434,7.7,7.7
16437,8.0,8.0
16450,6.8,6.8
16452,6.9,6.9
16453,7.9,7.9
16456,6.6,6.6
16605,7.0,7.0
16628,8.0,8.0
16649,8.3,8.3
16698,8.5,8.5
16700,7.5,7.5
16711,7.8,7.8
16716,5.0,5.0
16718,6.8,6.8
16723,8.0,8.0
16747,7.5,7.5
16754,8.8,8.8
16787,8.5,8.5
16792,8.5,8.5
16804,7.0,7.0
16850,5.0,5.0
16867,6.0,6.0
16899,6.5,6.5
16930,6.0,6.0
16944,9.4,9.4
16948,8.7,8.7
16951,6.7,6.7
16961,7.9,7.9
16985,7.0,7.0
17013,5.0,5.0
17025,6.7,6.7
17043,6.5,6.5
17085,8.5,8.5
17087,8.0,8.0
17093,8.0,8.0
17121,7.8,7.8
17126,9.0,9.0
17127,7.65,7.65
17134,6.0,6.0
17136,5.8,5.8
17187,8.7,8.7
17230,6.5,6.5
17282,8.5,8.5
17283,7.8,7.8
17356,8.5,8.5
17357,8.0,8.0
17373,8.0,8.0
17375,8.5,8.5
17403,7.0,7.0
17410,6.8,6.8
17413,7.0,7.0
17450,7.3,7.3
17517,8.5,8.5
17522,7.7,7.7
17524,8.0,8.0
17528,5.5,5.5
17535,7.6,7.6
17536,6.65,6.65
17558,8.2,8.2
17597,9.5,9.5
17600,4.0,4.0
17606,8.2,8.2
17615,6.5,6.5
17630,6.5,6.5
17646,6.8,6.8
17652,8.8,8.8
17658,8.0,8.0
17662,6.7,6.7
17666,7.5,7.5
17670,5.0,5.0
17683,8.0,8.0
17684,8.2,8.2
17698,8.0,8.0
17741,8.0,8.0
17744,7.9,7.9
17777,8.5,8.5
17778,8.0,8.0
17790,7.0,7.0
17794,6.4,6.4
17799,7.0,7.0
17803,6.2,6.2
17807,7.3,7.3
17818,7.0,7.0
17835,7.9,7.9
17863,7.0,7.0
17875,8.5,8.5
17885,7.5,7.5
17908,9.2,9.2
17909,8.3,8.3
17925,7.0,7.0
17949,8.0,8.0
17959,9.5,9.5
17976,5.0,5.0
17980,7.8,7.8
17981,7.5,7.5
17983,5.0,5.0
17997,8.2,8.2
17998,8.7,8.7
18002,8.0,8.0
18003,9.0,9.0
18015,6.5,6.5
18023,6.0,6.0
18030,6.5,6.5
18164,9.0,9.0
18183,9.5,9.5
18185,7.2,7.2
18201,6.5,6.5
18287,7.25,7.25
18304,8.2,8.2
18515,8.5,8.5
18544,6.5,6.5
18555,7.0,7.0
18597,7.8,7.8
18700,8.5,8.5
18701,7.949999999999999,7.949999999999999
18706,4.6,4.6
18712,,
18718,7.8,7.8
18719,8.0,8.0
18720,8.8,8.8
18851,5.5,5.5
18886,8.5,8.5
18908,6.0,6.0
19056,8.2,8.2
19079,5.5,5.5
19163,7.95,7.95
19245,7.0,7.0
19249,9.0,9.0
19276,8.4,8.4
19277,8.6,8.6
19285,7.5,7.5
19286,7.233333333333333,7.233333333333333
19295,9.0,9.0
19300,8.4,8.4
19301,7.3,7.3
19313,8.5,8.5
19334,5.8,5.8
19340,7.9,7.9
19345,8.3,8.3
19351,6.5,6.5
19362,3.0,3.0
19365,8.0,8.0
19368,6.5,6.5
19369,9.0,9.0
19377,7.5,7.5
19378,7.0,7.0
19380,9.4,9.4
19384,9.0,9.0
19385,7.5,7.5
19390,3.5,3.5
19397,8.5,8.5
19402,6.5,6.5
19407,8.2,8.2
19413,7.5,7.5
19424,7.3,7.3
19427,6.7,6.7
19434,8.0,8.0
19435,7.5,7.5
19437,7.0,7.0
19439,8.5,8.5
19452,8.333333333333334,8.333333333333334
19466,6.5,6.5
19475,6.1,6.1
19487,9.0,9.0
19489,5.0,5.0
19490,7.8,7.8
19491,9.0,9.0
19495,8.5,8.5
19501,8.0,8.0
19509,8.0,8.0
19515,6.5,6.5
19517,5.0,5.0
19520,6.0,6.0
19535,8.6,8.6
19548,8.0,8.0
19551,9.0,9.0
19557,8.0,8.0
19560,9.5,9.5
19565,8.0,8.0
19567,7.0,7.0
19569,8.2,8.2
19572,8.45,8.45
19575,8.7,8.7
19584,5.833333333333333,5.833333333333333
19590,9.5,9.5
19596,7.0,7.0
19598,8.8,8.8
19600,9.4,9.4
19609,7.466666666666666,7.466666666666666
19611,7.8,7.8
19615,9.4,9.4
19624,8.5,8.5
19626,7.0,7.0
19627,9.4,9.4
19629,7.9,7.9
19637,8.5,8.5
19642,5.0,5.0
19648,3.7999999999999994,3.7999999999999994
19666,8.5,8.5
19672,8.34,8.34
19684,6.0,6.0
19685,8.0,8.0
19689,8.3,8.3
19690,8.6,8.6
19693,7.9,7.9
19701,8.9,8.9
19800,7.7,7.7
19821,6.5,6.5
19856,8.0,8.0
19869,5.5,5.5
19996,6.0,6.0
20062,6.0,6.0
20156,7.0,7.0
20196,8.2,8.2
20309,9.0,9.0
20426,7.5,7.5
20589,1.0,1.0
20762,7.4,7.4
20763,3.0,3.0
20801,7.0,7.0
20804,7.5,7.5
20809,7.5,7.5
20837,6.5,6.5
20845,6.0,6.0
20958,6.7,6.7
21317,6.0,6.0
21323,8.8,8.8
21383,5.5,5.5
21390,7.0,7.0
21438,7.7,7.7
21523,6.8,6.8
21688,3.5,3.5
21742,8.0,8.0
21810,7.0,7.0
21905,8.5,8.5
21924,8.2,8.2
21925,8.5,8.5
21931,8.2,8.2
21949,7.7,7.7
21953,7.0,7.0
21958,8.8,8.8
22014,7.0,7.0
22034,4.5,4.5
22036,7.7,7.7
22041,8.0,8.0
22055,6.5,6.5
22060,6.0,6.0
22083,7.3,7.3
22092,7.5,7.5
22105,7.8,7.8
22121,9.3,9.3
22124,7.0,7.0
22149,7.0,7.0
22162,9.0,9.0
22168,7.0,7.0
22204,7.0,7.0
22220,7.0,7.0
22256,8.0,8.0
22374,6.0,6.0
22508,9.0,9.0
22509,9.0,9.0
22511,9.5,9.5
22571,7.8,7.8
22597,7.0,7.0
22627,6.5,6.5
22704,8.966666666666667,8.966666666666667
22716,9.0,9.0
22754,8.0,8.0
22774,7.9,7.9
22781,7.5,7.5
22808,7.7,7.7
22821,9.0,9.0
22827,8.0,8.0
22872,7.5,7.5
22909,6.6,6.6
22910,9.5,9.5
23037,7.6,7.6
23129,8.5,8.5
23165,9.4,9.4
23214,9.024999999999999,9.024999999999999
23216,7.5,7.5
23218,8.3,8.3
23251,7.0,7.0
23260,7.7,7.7
23300,8.0,8.0
23308,8.8,8.8
23322,6.8,6.8
23323,8.5,8.5
23341,8.7,8.7
23342,7.3,7.3
23343,55.0,55.0
23373,7.0,7.0
23404,7.8,7.8
23565,7.0,7.0
23585,9.0,9.0
23587,9.0,9.0
23598,8.5,8.5
23629,7.0,7.0
23659,6.5,6.5
23693,6.5,6.5
23702,7.0,7.0
23738,7.0,7.0
23740,8.2,8.2
23741,9.5,9.5
23743,8.2,8.2
23746,9.4,9.4
23751,8.5,8.5
23756,9.4,9.4
23760,9.6,9.6
23763,9.65,9.65
23764,8.5,8.5
23765,7.7,7.7
23767,8.266666666666667,8.266666666666667
23771,9.2,9.2
23775,6.2,6.2
23789,8.5,8.5
23799,8.8,8.8
23815,9.5,9.5
23823,8.0,8.0
23849,9.2,9.2
23850,9.5,9.5
23860,9.0,9.0
23863,7.5,7.5
23867,8.9,8.9
23870,5.6,5.6
23873,8.6,8.6
23874,8.5,8.5
23875,9.9,9.9
23893,7.0,7.0
23916,8.0,8.0
23935,8.5,8.5
23943,9.6,9.6
23981,8.0,8.0
24017,8.1,8.1
24033,9.5,9.5
24101,4.625,4.625
24160,6.0,6.0
24170,9.1,9.1
24174,8.1,8.1
24177,8.0,8.0
24182,9.0,9.0
24201,9.0,9.0
24227,9.0,9.0
24239,8.65,8.65
24241,9.1,9.1
24247,8.5,8.5
24276,7.25,7.25
24347,,
24353,8.5,8.5
24356,9.0,9.0
24359,7.8,7.8
24366,9.0,9.0
24397,7.2,7.2
24493,9.5,9.5
24503,8.0,8.0
24507,8.5,8.5
24508,9.0,9.0
24566,4.0,4.0
24570,5.5,5.5
24590,7.8,7.8
24669,7.0,7.0
24687,6.5,6.5
24710,8.5,8.5
24738,5.0,5.0
24768,6.5,6.5
24780,5.75,5.75
24781,7.0,7.0
24808,7.5,7.5
24869,7.5,7.5
24877,7.1,7.1
24893,7.5,7.5
24900,8.0,8.0
24923,7.2,7.2
24928,7.6,7.6
24930,7.0,7.0
24931,5.5,5.5
24933,9.3,9.3
24937,7.75,7.75
24938,7.9,7.9
24941,8.0,8.0
24953,8.6,8.6
24955,8.5,8.5
24961,6.8,6.8
24967,7.5,7.5
24973,8.7,8.7
24980,9.0,9.0
24995,7.85,7.85
25000,5.0,5.0
25009,6.0,6.0
25013,7.5,7.5
25021,6.7,6.7
25025,7.0,7.0
25035,9.0,9.0
25040,9.0,9.0
25042,8.0,8.0
25044,7.2,7.2
25052,6.5,6.5
25058,6.6,6.6
25064,7.766666666666666,7.766666666666666
25081,7.0,7.0
25089,5.5,5.5
25091,8.0,8.0
25096,9.5,9.5
25104,7.0,7.0
25112,6.5,6.5
25122,8.0,8.0
25139,3.7,3.7
25142,7.4,7.4
25166,5.666666666666667,5.666666666666667
25170,8.5,8.5
25172,7.5,7.5
25178,9.6,9.6
25189,8.2,8.2
25192,7.5,7.5
25194,6.5,6.5
25212,6.62,6.62
25217,6.6,6.6
25230,5.5,5.5
25236,7.8,7.8
25249,7.5,7.5
25309,7.0,7.0
25311,7.5,7.5
25327,8.8,8.8
25348,6.575,6.575
25354,6.5,6.5
25373,9.0,9.0
25393,5.666666666666667,5.666666666666667
25396,7.0,7.0
25398,7.3,7.3
25402,7.6,7.6
25410,5.0,5.0
25414,9.6,9.6
25429,7.2,7.2
25430,7.0,7.0
25449,9.05,9.05
25465,6.6,6.6
25473,8.0,8.0
25496,8.5,8.5
25507,8.5,8.5
25521,8.433333333333334,8.433333333333334
25525,7.0,7.0
25561,7.0,7.0
25596,7.0,7.0
25629,3.0,3.0
25635,7.7,7.7
25658,8.2,8.2
25711,6.825,6.825
25741,6.7,6.7
25750,6.7,6.7
25778,9.0,9.0
25793,7.5,7.5
25803,6.5,6.5
25818,8.5,8.5
25846,8.0,8.0
25848,8.0,8.0
25854,8.125,8.125
25932,8.5,8.5
25979,7.8,7.8
25997,3.5,3.5
26002,8.5,8.5
26027,7.0,7.0
26033,7.5,7.5
26042,9.0,9.0
26047,9.2,9.2
26059,9.2,9.2
26068,7.8,7.8
26069,7.2,7.2
26073,8.0,8.0
26083,8.0,8.0
26108,9.0,9.0
26154,7.400000000000001,7.400000000000001
26160,8.6,8.6
26174,8.14,8.14
26176,6.9,6.9
26188,8.0,8.0
26226,8.0,8.0
26245,7.6,7.6
26317,6.4,6.4
26324,7.5,7.5
26336,9.2,9.2
26370,8.0,8.0
26472,8.8,8.8
26498,8.2,8.2
26507,4.8,4.8
26514,7.5,7.5
26531,9.0,9.0
26628,7.3,7.3
26648,9.2,9.2
26676,7.5,7.5
26753,8.9,8.9
26754,8.5,8.5
26801,7.6,7.6
26824,9.5,9.5
26909,8.0,8.0
26946,9.0,9.0
26968,9.0,9.0
26969,4.833333333333333,4.833333333333333
27015,9.600000000000001,9.600000000000001
27019,9.4,9.4
27023,9.0,9.0
27024,9.7,9.7
27036,9.8,9.8
27037,7.0,7.0
27039,6.5,6.5
27041,6.0,6.0
27043,7.5,7.5
27044,8.0,8.0
27051,6.0,6.0
27060,5.0,5.0
27080,7.7,7.7
27100,7.7,7.7
27102,8.7,8.7
27124,8.8,8.8
27133,7.0,7.0
27147,8.5,8.5
27192,8.3,8.3
27193,5.5,5.5
27196,7.8,7.8
27230,8.5,8.5
27233,8.15,8.15
27265,8.5,8.5
27297,8.7,8.7
27309,8.8,8.8
27327,8.5,8.5
27370,8.2,8.2
27390,9.8,9.8
27392,9.8,9.8
27404,9.5,9.5
27407,8.1,8.1
27418,9.8,9.8
27483,9.0,9.0
27491,9.0,9.0
27518,8.0,8.0
27536,4.5,4.5
27571,8.5,8.5
27572,8.0,8.0
27581,8.0,8.0
27591,8.2,8.2
27612,9.2,9.2
27617,9.0,9.0
27620,9.0,9.0
27635,8.5,8.5
27651,8.0,8.0
27662,7.3,7.3
27677,6.75,6.75
27683,8.4,8.4
27711,9.5,9.5
27776,6.7,6.7
27828,8.25,8.25
27856,9.5,9.5
27887,8.5,8.5
27913,7.8,7.8
27930,8.2,8.2
27935,7.5,7.5
27938,8.2,8.2
27943,5.5,5.5
27944,8.0,8.0
27945,8.5,8.5
27946,9.0,9.0
27953,9.3,9.3
27958,9.0,9.0
27963,8.0,8.0
27964,6.8,6.8
27966,9.0,9.0
27967,8.1,8.1
27970,9.2,9.2
27972,7.5,7.5
27974,9.1,9.1
27977,9.2,9.2
27978,9.4,9.4
27980,7.0,7.0
27981,7.0,7.0
27983,7.0,7.0
27984,8.8,8.8
27985,9.0,9.0
27986,8.0,8.0
27987,5.5,5.5
27989,9.0,9.0
27991,8.5,8.5
27992,6.0,6.0
27997,7.0,7.0
28000,7.8,7.8
28002,7.5,7.5
28004,8.5,8.5
28007,8.0,8.0
28011,8.5,8.5
28015,8.0,8.0
28018,8.5,8.5
28021,6.925,6.925
28023,8.2,8.2
28024,8.3,8.3
28025,6.0,6.0
28026,9.6,9.6
28040,8.133333333333333,8.133333333333333
28083,7.7,7.7
28089,7.5,7.5
28109,8.3,8.3
28110,7.0,7.0
28121,9.0,9.0
28126,8.525,8.525
28150,6.5,6.5
28153,8.4,8.4
28154,9.0,9.0
28156,8.2,8.2
28160,8.0,8.0
28172,7.0,7.0
28197,8.2,8.2
28198,8.5,8.5
28201,8.4,8.4
28203,9.0,9.0
28207,7.7,7.7
28225,6.0,6.0
28226,8.1,8.1
28239,6.0,6.0
28264,9.1,9.1
28292,8.25,8.25
28293,9.0,9.0
28307,9.100000000000001,9.100000000000001
28312,7.5,7.5
28353,6.0,6.0
28355,8.3,8.3
28358,7.7,7.7
28363,9.2,9.2
28366,6.8,6.8
28374,9.0,9.0
28380,7.8,7.8
28386,8.5,8.5
28390,7.0,7.0
28395,8.5,8.5
28399,8.9,8.9
28401,5.0,5.0
28412,9.0,9.0
28414,9.1,9.1
28418,9.1,9.1
28422,7.6,7.6
28445,8.4,8.4
28447,8.0,8.0
28448,9.0,9.0
28454,9.2,9.2
28460,9.4,9.4
28461,8.3,8.3
28465,8.4,8.4
28471,8.0,8.0
28473,8.2,8.2
28492,8.1,8.1
28495,9.25,9.25
28499,7.0,7.0
28505,8.4,8.4
28515,8.0,8.0
28520,6.9,6.9
28527,7.0,7.0
28529,9.0,9.0
28546,7.5,7.5
28547,8.8,8.8
28554,9.0,9.0
28560,8.5,8.5
28562,68.0,68.0
28581,9.0,9.0
28583,7.0,7.0
28589,9.6,9.6
28595,9.5,9.5
28615,9.350000000000001,9.350000000000001
28619,9.5,9.5
28623,9.3,9.3
28627,9.4,9.4
28628,8.7,8.7
28631,8.5,8.5
28632,9.5,9.5
28633,8.6,8.6
28637,9.0,9.0
28654,7.2,7.2
28696,6.599999999999999,6.599999999999999
28703,8.2,8.2
28717,6.0,6.0
28723,6.4,6.4
28726,5.220000000000001,5.220000000000001
28757,8.8,8.8
28760,8.266666666666667,8.266666666666667
28761,5.0,5.0
28771,8.425,8.425
28774,8.8,8.8
28807,7.5,7.5
28828,8.166666666666666,8.166666666666666
28830,8.4,8.4
28835,6.0,6.0
28852,7.5,7.5
28859,6.0,6.0
28867,6.5,6.5
28890,6.5,6.5
28911,8.0,8.0
28958,7.5,7.5
28964,7.3,7.3
28971,8.3,8.3
28976,6.2,6.2
28980,7.5,7.5
28986,6.5,6.5
28988,8.1,8.1
29010,6.5,6.5
29021,8.5,8.5
29028,9.2,9.2
29031,9.0,9.0
29032,6.8,6.8
29040,7.0,7.0
29044,8.0,8.0
29051,9.1,9.1
29060,8.0,8.0
29069,8.766666666666666,8.766666666666666
29082,7.5,7.5
29091,8.6,8.6
29092,6.5,6.5
29109,6.5,6.5
29131,9.4,9.4
29141,7.166666666666667,7.166666666666667
29144,9.0,9.0
29149,8.5,8.5
29153,8.25,8.25
29154,7.3,7.3
29158,6.3,6.3
29162,7.1,7.1
29171,8.6,8.6
29176,8.2,8.2
29177,9.0,9.0
29179,9.4,9.4
29185,8.6,8.6
29203,8.6,8.6
29204,7.2,7.2
29205,8.2,8.2
29218,8.0,8.0
29227,8.2,8.2
29231,7.2,7.2
29232,6.8,6.8
29238,7.5,7.5
29259,7.8,7.8
29277,7.7,7.7
29338,8.0,8.0
29501,9.0,9.0
29564,7.0,7.0
29582,8.3,8.3
29642,9.3,9.3
29746,9.5,9.5
29800,6.0,6.0
29884,5.3,5.3
30095,8.6,8.6
30162,6.5,6.5
30176,9.2,9.2
30243,8.85,8.85
30270,9.2,9.2
30298,7.0,7.0
30570,6.0,6.0
30595,7.3,7.3
30601,6.5,6.5
30650,8.85,8.85
30669,9.0,9.0
30721,7.5,7.5
30777,8.8,8.8
30784,9.2,9.2
30851,7.4,7.4
30913,8.5,8.5
30933,8.0,8.0
30936,8.8,8.8
30987,7.0,7.0
31109,8.1,8.1
31222,8.5,8.5
31278,8.0,8.0
31308,8.9,8.9
31309,8.0,8.0
31356,6.3,6.3
31386,8.2,8.2
31396,7.1,7.1
31436,8.333333333333334,8.333333333333334
31482,9.0,9.0
31595,8.6,8.6
31635,7.4,7.4
31637,9.5,9.5
31679,8.7,8.7
31704,7.0,7.0
31708,6.0,6.0
31729,8.6,8.6
31759,9.05,9.05
31859,7.75,7.75
32178,8.2,8.2
32353,9.5,9.5
32389,9.5,9.5
32575,9.225,9.225
32577,9.2,9.2
32734,7.2,7.2
32785,8.3,8.3
32836,6.5,6.5
32888,5.5,5.5
32925,9.6,9.6
32944,9.3,9.3
32989,7.0,7.0
33007,7.550000000000001,7.550000000000001
34020,7.0,7.0
34601,8.0,8.0
34651,7.5,7.5
34668,9.0,9.0
34680,8.4,8.4
34685,8.2,8.2
34713,9.1,9.1
34725,9.0,9.0
34734,9.3,9.3
34737,6.7,6.7
34752,4.5,4.5
34761,7.0,7.0
34764,9.3,9.3
34766,6.8,6.8
34772,8.5,8.5
34776,8.0,8.0
34777,8.1,8.1
34779,8.733333333333333,8.733333333333333
34786,8.0,8.0
34788,8.5,8.5
34791,8.5,8.5
34801,,
34813,8.5,8.5
34821,8.0,8.0
34842,5.0,5.0
34851,9.4,9.4
34868,8.0,8.0
34872,8.4,8.4
34885,9.3,9.3
34889,8.9,8.9
34902,6.0,6.0
34950,8.5,8.5
35005,6.7,6.7
35016,8.5,8.5
35020,8.9,8.9
35030,7.5,7.5
35058,8.7,8.7
35084,8.4,8.4
35129,8.9,8.9
35137,8.5,8.5
35155,8.8,8.8
35163,9.6,9.6
35168,7.35,7.35
35225,6.400000000000001,6.400000000000001
35261,8.5,8.5
35274,8.0,8.0
35297,8.5,8.5
35314,9.4,9.4
35354,9.4,9.4
35358,8.9,8.9
35365,9.0,9.0
35374,9.0,9.0
35385,8.5,8.5
35413,7.8,7.8
35518,7.5,7.5
35524,6.5,6.5
35541,7.6,7.6
35561,8.5,8.5
35569,6.3,6.3
35579,8.0,8.0
35586,9.3,9.3
35590,7.6,7.6
35613,8.4,8.4
35629,8.5,8.5
35635,8.8,8.8
35684,7.2,7.2
35702,5.7,5.7
35736,7.0,7.0
35738,8.1,8.1
35800,5.8,5.8
35808,7.4,7.4
35822,6.5,6.5
35854,6.2,6.2
35855,5.5,5.5
35862,7.0,7.0
35869,7.7,7.7
35930,7.4,7.4
35946,8.4,8.4
35948,8.8,8.8
35963,8.0,8.0
35964,7.7,7.7
35970,6.5,6.5
35972,7.933333333333333,7.933333333333333
35981,7.5,7.5
35985,8.0,8.0
35996,9.0,9.0
36018,8.3,8.3
36026,4.5,4.5
36031,8.8,8.8
36035,6.3,6.3
36055,8.05,8.05
36062,6.3,6.3
36065,8.0,8.0
36092,7.5,7.5
36095,9.35,9.35
36142,8.95,8.95
36189,7.366666666666667,7.366666666666667
36192,6.0,6.0
36198,8.0,8.0
36266,8.0,8.0
36292,7.7,7.7
36300,7.0,7.0
36306,6.5,6.5
36350,8.6,8.6
36355,8.0,8.0
36390,7.5,7.5
36442,8.0,8.0
36479,6.5,6.5
36483,4.0,4.0
36488,7.099999999999999,7.099999999999999
36527,7.8,7.8
36535,7.9,7.9
36542,7.900000000000001,7.900000000000001
36577,7.2,7.2
36637,6.1,6.1
36646,8.7,8.7
36717,8.0,8.0
36729,7.8,7.8
36737,7.8,7.8
36743,7.0,7.0
36746,6.9,6.9
36758,7.3,7.3
36787,7.666666666666667,7.666666666666667
36795,7.900000000000001,7.900000000000001
36797,7.433333333333334,7.433333333333334
36807,8.5,8.5
36808,8.34,8.34
36809,8.0,8.0
36829,7.9,7.9
36836,7.550000000000001,7.550000000000001
36843,9.3,9.3
36850,9.0,9.0
36877,9.2,9.2
36915,6.133333333333333,6.133333333333333
36939,7.6,7.6
36945,6.8,6.8
36990,8.0,8.0
37032,8.5,8.5
37072,6.8,6.8
37094,7.6,7.6
37130,8.55,8.55
37136,7.2,7.2
37209,8.0,8.0
37210,8.0,8.0
37221,8.0,8.0
37240,7.5,7.5
37305,9.5,9.5
37329,8.0,8.0
37333,6.2,6.2
37352,7.5,7.5
37365,8.0,8.0
37369,8.2,8.2
37378,7.866666666666667,7.866666666666667
37383,4.5,4.5
37406,7.4,7.4
37417,8.2,8.2
37420,7.5,7.5
37446,7.0,7.0
37524,7.7,7.7
37540,5.5,5.5
37615,6.8,6.8
37625,7.5,7.5
37669,7.5,7.5
37675,7.0,7.0
37751,8.0,8.0
37830,7.0,7.0
37857,7.5,7.5
38014,7.866666666666667,7.866666666666667
38055,8.8,8.8
38064,8.0,8.0
38067,9.8,9.8
38091,8.66,8.66
38092,8.2,8.2
38218,9.1,9.1
38246,6.2,6.2
38286,8.3,8.3
38360,7.0,7.0
38438,7.0,7.0
38493,8.0,8.0
38543,8.5,8.5
38610,7.0,7.0
38625,7.2,7.2
38663,7.5,7.5
38705,4.3,4.3
38732,7.0,7.0
38809,6.0,6.0
38834,6.2,6.2
38945,9.0,9.0
38965,9.0,9.0
38995,8.4,8.4
39011,8.1,8.1
39035,9.6,9.6
39037,7.0,7.0
39039,9.5,9.5
39079,,
39080,9.5,9.5
39118,8.5,8.5
39120,8.0,8.0
39128,8.8,8.8
39217,7.8,7.8
39266,6.8,6.8
39272,8.0,8.0
39285,7.4,7.4
39301,8.325,8.325
39317,8.9,8.9
39332,7.5,7.5
39408,7.0,7.0
39431,8.5,8.5
39465,8.2,8.2
39513,9.0,9.0
39550,8.0,8.0
39676,9.2,9.2
39685,9.0,9.0
39709,7.5,7.5
39727,7.5,7.5
39745,8.0,8.0
39759,9.2,9.2
40035,8.0,8.0
40071,7.6,7.6
40104,7.7,7.7
40109,7.5,7.5
40152,8.5,8.5
40188,5.4,5.4
40201,8.533333333333333,8.533333333333333
40214,9.4,9.4
40235,8.8,8.8
40301,5.95,5.95
40310,9.0,9.0
40313,6.0,6.0
40322,8.0,8.0
40323,8.0,8.0
40337,7.9,7.9
40347,8.0,8.0
40379,7.0,7.0
40408,7.5,7.5
40430,8.0,8.0
40432,8.8,8.8
40433,7.066666666666666,7.066666666666666
40434,6.5,6.5
40438,6.7,6.7
40457,7.0,7.0
40502,7.0,7.0
40527,6.5,6.5
40536,8.0,8.0
40551,5.1,5.1
40604,8.2,8.2
40619,8.966666666666667,8.966666666666667
40841,9.5,9.5
40864,7.8,7.8
40887,8.05,8.05
40892,8.8,8.8
40913,7.9,7.9
40922,6.6,6.6
40947,7.5,7.5
40962,7.0,7.0
40996,7.5,7.5
41052,8.0,8.0
41063,7.0,7.0
41085,5.9,5.9
41100,7.0,7.0
41128,9.3,9.3
41162,7.5,7.5
41262,7.8,7.8
41263,7.4,7.4
41265,6.4,6.4
41336,8.566666666666668,8.566666666666668
41416,5.0,5.0
41438,8.1,8.1
41456,8.0,8.0
41458,7.0,7.0
41462,9.0,9.0
41490,9.0,9.0
41561,9.0,9.0
41575,7.5,7.5
41606,5.0,5.0
41634,5.5,5.5
41665,8.0,8.0
41680,8.0,8.0
41738,8.5,8.5
41785,8.0,8.0
41791,6.5,6.5
41821,6.5,6.5
41934,7.5,7.5
42044,9.0,9.0
42055,7.0,7.0
42056,7.7,7.7
42058,7.5,7.5
42060,7.5,7.5
42120,8.0,8.0
42151,7.0,7.0
42191,7.0,7.0
42215,8.8,8.8
42230,9.066666666666666,9.066666666666666
42233,8.6,8.6
42235,8.0,8.0
42236,7.0,7.0
42237,8.0,8.0
42238,7.0,7.0
42239,9.0,9.0
42247,7.0,7.0
42330,9.3,9.3
42334,5.8,5.8
42336,8.7,8.7
42383,4.0,4.0
42388,7.0,7.0
42404,7.0,7.0
42405,8.4,8.4
42455,9.0,9.0
42500,8.5,8.5
42547,7.7,7.7
42695,8.0,8.0
42776,6.8,6.8
42858,7.5,7.5
42889,6.0,6.0
42895,8.6,8.6
42912,7.0,7.0
42920,8.5,8.5
42957,9.0,9.0
43090,8.0,8.0
43242,7.75,7.75
43305,9.5,9.5
43308,9.0,9.0
43358,8.4,8.4
43367,8.5,8.5
43432,9.0,9.0
43454,7.0,7.0
43540,7.4,7.4
43576,4.9,4.9
43624,7.7,7.7
43693,6.5,6.5
43734,7.8,7.8
43753,9.0,9.0
43755,8.6,8.6
43759,8.4,8.4
44029,6.5,6.5
44093,9.0,9.0
44096,7.0,7.0
44114,7.8,7.8
44187,7.4,7.4
44245,5.5,5.5
44255,7.0,7.0
44265,7.8,7.8
44510,8.5,8.5
44525,8.15,8.15
44563,8.2,8.2
44725,7.8,7.8
44762,7.0,7.0
44765,7.5,7.5
44896,5.5,5.5
44931,8.0,8.0
44972,8.5,8.5
45153,7.0,7.0
45388,7.0,7.0
45424,7.2,7.2
45455,7.1,7.1
45552,6.0,6.0
45561,8.0,8.0
45636,8.0,8.0
45691,7.0,7.0
45730,7.5,7.5
45821,8.6,8.6
45867,7.0,7.0
45868,8.5,8.5
45869,8.0,8.0
45897,4.5,4.5
45969,8.3,8.3
46000,8.0,8.0
46095,6.5,6.5
46128,7.5,7.5
46155,8.5,8.5
46159,6.8,6.8
46160,8.0,8.0
46161,8.5,8.5
46165,9.0,9.0
46335,8.5,8.5
46410,8.5,8.5
46421,5.8,5.8
46422,6.5,6.5
46431,9.2,9.2
46471,7.0,7.0
46533,7.0,7.0
46664,6.0,6.0
46667,8.0,8.0
46749,7.5,7.5
46893,7.5,7.5
47077,7.5,7.5
47137,8.8,8.8
47255,7.2,7.2
47359,8.2,8.2
47463,8.2,8.2
47613,7.2,7.2
48110,4.5,4.5
48243,8.0,8.0
48405,7.0,7.0
48456,7.9,7.9
49104,7.400000000000001,7.400000000000001
49105,7.5,7.5
49114,6.5,6.5
49278,6.0,6.0
49326,7.5,7.5
49328,6.7,6.7
49423,7.8,7.8
49428,9.0,9.0
49498,8.7,8.7
49499,7.8,7.8
49745,8.8,8.8
49755,8.5,8.5
49813,7.0,7.0
49866,8.4,8.4
49873,7.4,7.4
49874,9.0,9.0
49983,3.0,3.0
50005,7.4,7.4
50198,7.5,7.5
50240,6.4,6.4
50418,7.2,7.2
50503,8.5,8.5
50566,9.6,9.6
50572,7.0,7.0
50575,5.599999999999999,5.599999999999999
50675,7.5,7.5
50734,9.5,9.5
50736,8.5,8.5
50744,9.0,9.0
50753,7.2,7.2
50758,7.0,7.0
50778,9.0,9.0
50780,6.5,6.5
50781,7.7,7.7
50786,7.0,7.0
50839,9.2,9.2
50970,8.0,8.0
51086,7.0,7.0
51167,8.0,8.0
51246,9.0,9.0
51320,7.7,7.7
51322,5.0,5.0
51324,9.0,9.0
51327,8.8,8.8
51328,7.0,7.0
51329,9.0,9.0
51330,6.0,6.0
51331,8.5,8.5
51333,8.4,8.4
51335,7.2,7.2
51375,8.0,8.0
51452,7.0,7.0
51507,7.5,7.5
51598,6.2,6.2
51609,8.0,8.0
51610,8.75,8.75
51672,8.0,8.0
51687,8.0,8.0
51776,7.0,7.0
51781,4.5,4.5
51813,5.5,5.5
51814,5.0,5.0
52049,6.5,6.5
52142,8.0,8.0
52182,7.0,7.0
52190,6.0,6.0
52201,8.5,8.5
52210,7.8,7.8
52214,6.5,6.5
52215,8.0,8.0
52231,7.0,7.0
52255,6.8,6.8
52295,8.5,8.5
52312,7.5,7.5
52314,7.7,7.7
52323,4.5,4.5
52330,7.599999999999999,7.599999999999999
52332,9.0,9.0
52334,9.2,9.2
52336,7.8,7.8
52348,6.5,6.5
52369,9.8,9.8
52370,9.7,9.7
52371,9.4,9.4
52383,8.5,8.5
52385,8.3,8.3
52387,8.0,8.0
52647,6.9,6.9
52669,8.0,8.0
52670,5.6,5.6
52686,7.8,7.8
52790,9.5,9.5
52825,8.0,8.0
52872,9.2,9.2
52891,8.4,8.4
52930,8.3,8.3
52931,9.0,9.0
52939,7.0,7.0
52943,9.125,9.125
52960,8.5,8.5
52965,9.0,9.0
52975,7.8,7.8
52984,7.5,7.5
52996,10.0,10.0
53029,6.5,6.5
53047,9.0,9.0
53080,7.9,7.9
53085,8.8,8.8
53090,8.5,8.5
53109,8.1,8.1
53127,9.1,9.1
53135,9.0,9.0
53146,8.9,8.9
53152,6.833333333333333,6.833333333333333
53165,8.6,8.6
53180,9.0,9.0
53181,7.4,7.4
53182,9.0,9.0
53225,7.85,7.85
53227,7.0,7.0
53239,7.0,7.0
53259,8.0,8.0
53287,8.8,8.8
53288,8.9,8.9
53309,7.0,7.0
53319,7.0,7.0
53338,8.0,8.0
53341,9.0,9.0
53401,6.2,6.2
53433,8.3,8.3
53478,9.5,9.5
53509,7.5,7.5
53521,8.9,8.9
53529,6.2,6.2
53536,7.4,7.4
53546,9.3,9.3
53547,9.1,9.1
53548,9.1,9.1
53549,5.9,5.9
53550,7.9,7.9
53552,9.2,9.2
53560,7.2,7.2
53588,8.8,8.8
53597,9.2,9.2
53600,8.5,8.5
53603,8.5,8.5
53614,8.8,8.8
53615,9.0,9.0
53628,6.5,6.5
53648,8.5,8.5
54013,3.0,3.0
54106,7.3,7.3
54172,8.6,8.6
54242,8.0,8.0
54258,9.0,9.0
54285,8.966666666666667,8.966666666666667
54327,7.8,7.8
54346,9.0,9.0
54347,8.8,8.8
54349,9.5,9.5
54373,10.0,10.0
54420,9.6,9.6
54486,5.5,5.5
54500,8.2,8.2
54511,5.5,5.5
54515,9.5,9.5
54532,6.8,6.8
54569,7.5,7.5
54602,6.0,6.0
54615,9.0,9.0
54618,8.6,8.6
54628,8.0,8.0
54631,8.5,8.5
54633,9.0,9.0
54634,8.95,8.95
54647,7.0,7.0
54682,7.4,7.4
54690,9.9,9.9
54697,6.5,6.5
54715,9.0,9.0
54716,9.0,9.0
54729,8.0,8.0
54744,9.3,9.3
54753,7.3,7.3
54755,8.5,8.5
54759,7.5,7.5
54763,7.0,7.0
54764,8.1,8.1
54765,8.65,8.65
54769,7.4,7.4
54770,8.5,8.5
54774,8.0,8.0
54778,7.4,7.4
54791,6.8,6.8
54930,8.0,8.0
54947,3.5,3.5
55190,4.5,4.5
55982,8.2,8.2
55984,9.2,9.2
55990,7.0,7.0
56000,7.8,7.8
56007,7.5,7.5
56008,7.8,7.8
56029,9.0,9.0
56031,8.3,8.3
56032,8.5,8.5
56033,6.75,6.75
56041,9.3,9.3
56045,9.6,9.6
56050,8.2,8.2
56053,9.0,9.0
56061,6.5,6.5
56065,4.5,4.5
56069,9.0,9.0
56090,5.0,5.0
56092,9.8,9.8
56094,5.0,5.0
56097,8.5,8.5
56099,8.5,8.5
56101,8.4,8.4
56103,8.0,8.0
56104,7.5,7.5
56106,7.2,7.2
56110,5.2,5.2
56114,8.0,8.0
56122,8.2,8.2
56123,9.8,9.8
56124,9.5,9.5
56129,8.7,8.7
56135,8.3,8.3
56138,8.8,8.8
56139,7.0,7.0
56141,9.2,9.2
56143,8.9,8.9
56151,8.5,8.5
56158,6.0,6.0
56161,8.5,8.5
56173,5.0,5.0
56174,8.5,8.5
56184,8.825,8.825
56189,7.3,7.3
56191,9.5,9.5
56198,5.0,5.0
56199,5.0,5.0
56216,8.7,8.7
56217,6.5,6.5
56222,9.2,9.2
56229,6.75,6.75
56240,9.3,9.3
56254,7.3,7.3
56255,8.7,8.7
56259,7.5,7.5
56261,9.0,9.0
56265,7.35,7.35
56654,8.2,8.2
57607,10.0,10.0
57625,3.0,3.0
57679,8.0,8.0
57704,9.0,9.0
57754,7.0,7.0
57770,9.0,9.0
57801,6.8,6.8
57809,7.9,7.9
57837,9.0,9.0
57838,8.5,8.5
57862,8.0,8.0
57879,7.5,7.5
57891,8.35,8.35
57898,6.8,6.8
57917,9.0,9.0
57944,9.0,9.0
57950,7.5,7.5
58001,7.5,7.5
58080,7.8,7.8
58085,6.5,6.5
58094,6.5,6.5
58115,7.5,7.5
58133,8.0,8.0
58170,8.0,8.0
58175,9.4,9.4
58176,6.0,6.0
58182,8.6,8.6
58183,8.5,8.5
58185,6.3,6.3
58252,7.3,7.3
58253,7.6,7.6
58277,5.5,5.5
58285,6.0,6.0
58325,8.8,8.8
58338,9.2,9.2
58340,8.9,8.9
58341,6.1,6.1
58351,8.0,8.0
58354,6.0,6.0
58366,6.5,6.5
58381,8.5,8.5
58497,7.0,7.0
58498,8.200000000000001,8.200000000000001
58549,8.3,8.3
58559,8.9,8.9
58562,6.8,6.8
58574,8.0,8.0
58585,6.5,6.5
58616,8.2,8.2
58632,8.6,8.6
58654,8.5,8.5
58698,7.8,7.8
58699,5.5,5.5
58703,6.8,6.8
58732,8.675,8.675
58752,8.0,8.0
58753,9.5,9.5
58755,9.0,9.0
58766,8.5,8.5
58767,7.8,7.8
58798,3.5,3.5
58803,8.7,8.7
58813,7.2,7.2
58818,8.5,8.5
58820,8.0,8.0
58826,8.0,8.0
58829,10.0,10.0
58831,7.0,7.0
58834,8.5,8.5
58849,7.5,7.5
58921,7.8,7.8
58927,8.4,8.4
58929,7.7,7.7
58945,9.0,9.0
58976,7.5,7.5
58998,8.8,8.8
58999,7.0,7.0
59023,8.0,8.0
59024,9.2,9.2
59041,7.0,7.0
59088,6.5,6.5
59097,8.0,8.0
59129,9.0,9.0
59132,9.5,9.5
59134,8.5,8.5
59142,7.5,7.5
59143,6.9,6.9
59149,8.6,8.6
59151,4.5,4.5
59154,8.7,8.7
59184,8.5,8.5
59185,8.6,8.6
59187,7.2,7.2
59193,7.5,7.5
59197,8.5,8.5
59202,8.4,8.4
59207,6.0,6.0
59218,7.5,7.5
59248,9.6,9.6
59250,9.2,9.2
59276,6.0,6.0
59284,8.5,8.5
59306,8.1,8.1
59329,7.2,7.2
59343,7.0,7.0
59362,7.0,7.0
59368,7.0,7.0
59371,7.5,7.5
59601,7.5,7.5
59602,9.2,9.2
59604,6.0,6.0
59612,7.5,7.5
59624,6.5,6.5
59866,7.0,7.0
60004,7.5,7.5
60012,7.0,7.0
60191,7.0,7.0
60618,8.3,8.3
60744,6.5,6.5
60769,8.5,8.5
60782,7.8,7.8
60783,7.599999999999999,7.599999999999999
60796,6.5,6.5
60817,8.0,8.0
60843,8.0,8.0
60951,6.0,6.0
61070,6.5,6.5
61148,7.6,7.6
61206,8.2,8.2
61584,8.5,8.5
61585,8.0,8.0
61664,7.5,7.5
62050,3.5,3.5
68197,9.0,9.0
68297,65.0,65.0
69921,7.5,7.5
71929,7.5,7.5
74114,8.0,8.0
74242,7.0,7.0
75486,8.0,8.0
80309,9.5,9.5
85890,7.8,7.8
86399,7.0,7.0
87448,8.2,8.2
90470,7.0,7.0
101176,7.0,7.0
120627,7.5,7.5
127659,8.5,8.5
132476,7.5,7.5
132916,8.0,8.0
174312,7.5,7.5
174950,8.0,8.0
181731,7.0,7.0
188883,8.0,8.0
191741,7.1,7.1
209740,8.9,8.9
217526,7.5,7.5
233858,7.4,7.4
238390,8.5,8.5
238395,7.0,7.0
238396,8.0,8.0
241043,7.6,7.6
241044,9.2,9.2
241087,7.7,7.7
244245,2.5,2.5
244716,8.2,8.2
244722,8.8,8.8
244732,7.5,7.5
244746,7.2,7.2
244879,7.0,7.0
248402,7.8,7.8
248430,8.3,8.3
248496,7.5,7.5
249102,7.5,7.5
249941,7.0,7.0
249946,7.5,7.5
251482,8.3,8.3
251599,8.0,8.0
254562,6.5,6.5
257237,7.5,7.5
258323,7.0,7.0
258386,8.2,8.2
262372,8.9,8.9
262381,8.8,8.8
262384,9.4,9.4
262390,8.0,8.0
264668,8.7,8.7
264700,7.0,7.0
264725,7.0,7.0
264730,6.9,6.9
267219,6.3,6.3
267220,6.0,6.0
267265,7.5,7.5
267750,5.8,5.8
268299,6.4,6.4
269327,6.9,6.9
269332,6.1,6.1
269334,8.5,8.5
269371,7.0,7.0
270706,7.7,7.7
271343,8.5,8.5
271413,7.0,7.0
272448,9.0,9.0
274480,9.2,9.2
275602,9.0,9.0
277908,8.0,8.0
281854,7.0,7.0
281856,8.8,8.8
281865,8.0,8.0
281866,7.5,7.5
282811,7.0,7.0
282906,7.2,7.2
283378,7.400000000000001,7.400000000000001
283970,8.0,8.0
284022,7.0,7.0
284091,7.4,7.4
285633,7.2,7.2
285682,8.5,8.5
286478,9.0,9.0
286479,9.0,9.0
286480,8.6,8.6
286481,8.0,8.0
286485,8.0,8.0
287466,7.0,7.0
288561,7.5,7.5
288949,7.2,7.2
290856,8.8,8.8
290858,8.0,8.0
290864,8.6,8.6
290867,9.0,9.0
290873,8.0,8.0
290874,8.5,8.5
290883,8.0,8.0
292838,8.5,8.5
292977,7.0,7.0
294121,7.5,7.5
294122,8.0,8.0
294408,7.8,7.8
297209,8.5,8.5
299575,6.5,6.5
301511,9.7,9.7
301512,7.5,7.5
302304,9.0,9.0
302826,8.3,8.3
302833,7.2,7.2
304194,6.8,6.8
304196,7.5,7.5
304342,8.2,8.2
309897,7.2,7.2
312621,7.6,7.6
312625,,
313729,6.0,6.0
314025,7.5,7.5
316818,9.0,9.0
316819,9.4,9.4
319116,8.7,8.7
324127,8.1,8.1
330379,8.6,8.6
330395,8.0,8.0
330460,7.7,7.7
330483,8.8,8.8
330537,7.5,7.5
330557,6.5,6.5
330572,7.5,7.5
330622,5.2,5.2
330640,3.0,3.0
330646,6.8,6.8
330654,6.5,6.5
330722,8.5,8.5
330748,7.0,7.0
330777,8.5,8.5
330781,7.5,7.5
330882,6.0,6.0
330884,7.0,7.0
330906,8.8,8.8
330920,8.1,8.1
330950,8.0,8.0
330978,7.0,7.0
331024,4.0,4.0
331043,8.0,8.0
331090,5.0,5.0
331125,9.25,9.25
331148,7.0,7.0
331183,7.7,7.7
331185,7.2,7.2
331210,7.0,7.0
331292,8.6,8.6
331331,7.4,7.4
331360,8.7,8.7
331386,8.0,8.0
331395,8.3,8.3
331435,7.8,7.8
331466,9.6,9.6
331648,8.0,8.0
331696,7.3,7.3
331805,7.5,7.5
331818,5.6,5.6
331849,8.6,8.6
332059,8.5,8.5
332124,8.5,8.5
332187,5.5,5.5
332297,7.5,7.5
332400,5.0,5.0
332454,6.4,6.4
332455,8.8,8.8
332575,7.0,7.0
332580,7.9,7.9
333020,8.2,8.2
333236,2.8,2.8
333636,7.2,7.2
333775,7.0,7.0
334011,7.9,7.9
334021,8.2,8.2
334190,6.0,6.0
334195,8.0,8.0
334243,5.9,5.9
334382,8.0,8.0
334867,8.0,8.0
334894,5.0,5.0
335044,6.5,6.5
335193,5.5,5.5
335226,7.5,7.5
335378,7.0,7.0
335607,5.0,5.0
335954,5.0,5.0
336161,7.0,7.0
336262,6.5,6.5
336496,7.5,7.5
336590,7.9,7.9
339952,5.3,5.3
339953,7.0,7.0
341588,8.4,8.4
341616,6.5,6.5
343595,7.166666666666667,7.166666666666667
343597,9.6,9.6
345005,8.4,8.4
345121,9.0,9.0
345351,6.8,6.8
353337,8.2,8.2
354108,9.0,9.0
366958,7.0,7.0
371824,9.4,9.4
372175,6.0,6.0
377509,9.6,9.6
379231,7.0,7.0
387230,9.3,9.3
